{"mse": 0.852834650746502, "r2": 0.14791212554040034}